name,address,phonenumber,email
Zionbim Farminex Ltd,"15 Ajao Road, Off Adeniyi Jones, Ikeja, Lagos Nigeria","0809 809 5242,0802 341 8661",
Yankari Game Reserve,"km-40 Bauchi-Gombe High Way, Mainamaji Village, Bauchi State, Nigeria",0902 733 2226,
Uvisun Global Resource Services,"Engr. (Dr.) Audu Street, Off Shell Road, Sapele, Delta State",0906 910 7668,
TMC DECOR Company,"No 22A Rafiu Shittu Street Alaka Estate, Surulere, Lagos Nigeria",+234 802 586 6037,
Reddi2wear,"10, Islamic Street, Off Abaranje Road, Ikotun, Lagos Nigeria","+234 805 631 7825,+234 802 314 8274,+234 813 547 8808",
Padson Industries Limited,"3 Muritala Mohammed Road, Ilorin, Kwara State Nigeria","0806 244 8454,0806 244 8454",
Neat Zenith Nig ltd,"Road 11, New Road, Shell/location, Ada George Port Harcourt, Rivers State","+2348174125842,8033441468,08174125842",
Manufacturers Association of Nigeria,"77, Obafemi Awolowo Way, Ikeja, Lagos State, Nigeria","+234 1 454 2700,+234 1 454 2701",
Zugys Travel & Tours Limited,"Suite 3 2nd Floor 389 Old Ojo Road Satellite Shopping Complex, Lagos, Lagos Nigeria",0803 392 0768,
Kalek Fibre Company Nigeria Ltd,"No 15 Jessy & Jenny Road Off Peter Odili Road Trans Amadi  Industrial Layout, Port Harcourt, Rivers",+234 805 737 4882,
Youths Empowerment Education Initiative,"ParkVille Centre, Fisrt Avenue, Gwarinpa, Abuja Nigeria","0805 269 8010,0803 890 0153,09 292 1310",
NADMACO Ltd,"306/307 Ahmadu Bello Way, Bonny Cantonment, Victoria Island, Lagos, Nigeria","0813 331 1692,0703 484 0132",
Viridis Fountain Global,"18 Amore Street, Ikeja, Lagos State, Nigeria",0705 222 2216,
The Supreme Court Of Nigeria,"Three Arms Zone Complex, Central District, Abuja FCT","0808 140 3890,09 234 7233,09 234 7238",
Rivers State Judiciary,"High Court Complex, Porthacourt, Nigeria",084 848 605,http://rsjsc.rv.gov.ng/
Blue Towers LP,"No. 96 Norman Williams street, Ikoyi, Lagos",0803 783 0029,
Ogun State Judiciary,"Ogun State Judiciary, Isabo Abeokuta, Nigeria","0706 044 4285,0909 045 2699",https://ogunstatejudiciary.gov.ng/
Ogun State Judicial Service Commission,"2nd Floor, Block B, Parastatal Building, Oke Mosan Abeokuta, Nigeria","0815 677 5846,0803 712 2175",https://www.ogjsc.og.gov.ng/
Lagos State Judiciary,"High Court of Lagos State, (Headquarters) Oba Akinjobi Way, Ikeja, Lagos Nigeria",0704 276 0365,https://lagosjudiciary.gov.ng
Xpertech Solutions,"61, Idimu Road, Beside Primal Tek Plaza, Egbeda, Alimosho, Lagos","08032882047,08097439782",
Wazpper Computer,"No 6 Ibara, Quarry Road, Abeokuta, Ogun State Nigeria",0816 300 2538,
Ultimate Systems Solutions Ltd,"110B, Awolowo Way, Holy Trinity Hospital Annex, Ikeja, Lagos State, Nigeria","0802 335 8188,01 815 8980",
The Justice Research Institute,"Faculty of Law, University of Lagos, Akoka Yaba, Lagos Nigeria",01 279 3453,https://justiceresearchinstitute.org/
TI Tech,"40, Ajibode Street,, Abule Odu, Lagos","0802 535 4038,0813 678 6789",
Pisprosoft,"H5, Zone 1, AMAC, Lugbe, Abuja FCT Nigeria",0803 909 9394,
Plus One Computer System,"554/556 Ikorodu Raod, Ketu, Lagos, Nigeria",0803 556 76645,
Pentacept Enterprises,"28, Mba Street, Off Adeniran Ogunsanya Street, Isolo, Lagos State Nigeria","0703 066 4835,0818 004 2708",
Onehyr Technologies Ltd,"36 Old Yaba Road, Makoko Junction, Ebute-Metta, Lagos Nigeria","0906 020 9485,0906 670 5256",
Tinapa Lakeside Hotel,"Tinapa Free Zone, Adiabo, Calabar, Cross River, Nigeria","0803 417 5376,0703 898 2498,0803 909 3585",
Tahir Guest Palace,"4, Ibrahim Natsugune Road, Kano, Kano, Nigeria","08050298536,08050298537",
Royal Residence,"152 Tombia Street, GRA, Port-Harcourt, Rivers Nigeria","0812 998 8550,0803 555 5355",
Pearl Court Residence & Hotels,"Aso Street, Parkview, Onikoyi Estate, Ikoyi, Lagos, Nigeria","08070600097,07043534086,01-8990592",
Lagos Oriental Hotel,"3, Lekki Road, Victoria Island, Lagos Nigeria","01 280 6600,01 280 6609",
Best Western Plus,"25 Jibowu Crescent, Off MKO Abiola Way (Ring Road), Iyaganku, GRA Quarters Ibadan, Oyo State","0903 000 2025,0815 040 2025,0703 767 1313",
Travel House Budget Hotels,"Km 14, Opposite Mega Chicken Restutant, Lekki - Epe Express Road, Lekki Peninsula, Lagos Nigeria",01 461 1628,https://travelhousenigeria.com/
Wesley Hotel Nigeria,"58, Akhionbare, off Ihama Road, G.R.A, Benin City, Edo State Nigeria","08138900666,08052796669,08052796670",http://wesleyshotels.com
The Blowfish Hotel,"17, Oju Olobun Street, Victoria Island, Lagos, Nigeria","01-4631298,01-4631299",https://theblowfishhotel.com/
Welcome Centre Hotels Limited,"70, International Airport Road, Ikeja, Lagos, Nigeria","08054763801,08145919738,01-2719254",http://welcomecentrehotels.com/
Lagos Airport Hotel,"111, Obafemi Awolowo way, Ikeja, Lagos, Nigeria","01-4483100,01-7732031,01-7909616",http://www.lagosairporthotel.com.ng
Benny Hotel,"Plot 641, 1st Avenue, Festac Town, Lagos, Nigeria","08037811054,08091856899,01-3426543",http://www.bennyhotellagos.com/
Ibom Hotel & Golf Resort,"Nwaniba Road, Uyo, Akwa Ibom Nigeria","08080527411,07060407826,07080660000",http://ibomgolfresort.com
Sheraton Hotel Lagos,"30, Mobolaji Bank Anthony Way, Ikeja, Lagos State, Nigeria",+234 1 280 0100,https://www.marriott.com/hotels/travel/lossi-sheraton-lagos-hotel/
LEMUS Computer Services,"29, Ogunlana Street, Akowonjo, Egbeda, Lagos State, Nigeria","0812 816 8514,0817 907 4563",
Microchips System Limited,"Suite 15, Zone 3 Shopping Complex, Wuse, Zone 3, Abuja FCT Nigeria","0803 596 3881,0808 140 1400,09 670 4750",
Edugie Homes,"11 Evbomwan lane off Etete GRA, Benin City, Edo state",0906 229 3712,https://edugiehomes.com
MIEC,"15, Olu-Okun Street, Ijapo-Estate, Akure, Ondo","08120886288,08104097438",
Ezcom Solution Limited,"No 2, Molara Anibaba Close Ajao Estate off Olutosin Ajayi Street Off International Airport Road, Ajao Estate,Surulere, Lagos, Nigeria",0703 417 9300,
Computer Warehouse Group,"Block 54A, Plot 10, Off Rufus Giwa Street,  Off Adebayo Doherty Road, Off Admiralty Way, Lekki Phase 1, Lagos, Nigeria","01 270 6065,01 280 9800",
Code Nation,"241, Sapele Road (Opposite Agip Junction), Benin City, Edo State, Nigeria","0703 113 9893,0809 081 6360",
Afrikgold International Tech. Ltd,"4th Floor, Bamboo Plaza, 6/8, New Isheri Road, Hotel Bus Stop, Omole Ikeja, Lagos State Nigeria","0909 526 0424,0805 953 4636,0818 681 7081",
Zercom Systems Nigeria,"1, Engineering Close, 3rd Floor, Engineering Building, NEC Building, Victoria Island, Lagos Nigeria",01 342 9741,https://zercomsystems.com/
Spreadweb,"402 Road, Opposite A Close, Festac Town, Lagos Nigeria","0813 017 0906,0802 629 8030",https://www.spreadweb.net/
Systemtech Group,"126, Ogunlana Drive, Surulere, Lagos, Nigeria","0704 236 1808,0704 236 1815,0704 236 1811",https://systemtech-ng.com/
De-Masters Computers Unique Concept,"No 4 Assembly Hall Road Opp Limca B/Stop Badagry Expressway, Badagry, Lagos Nigeria","0704 545 4641,0703 865 6943",https://demasterscomputer.webs.com/
C Charles Resources Ltd,"Block 4 House 3 Moore Road, off Harvey Rd, Yaba, Lagos Nigeria","0818 293 8250,0803 303 0235,0807 406 7017",https://www.ccharlesresources.com/
Computer Plus Ltd,"No 79, Bode Thomas Street, Surulere, Lagos Nigeria","0909 175 2422,0813 775 2076",https://www.computerplusng.com
Ensure Services,"122-132 Oshodi - Apapa Expressway, Isolo, Lagos Nigeria",0807 709 8619,https://www.ensureservices.com/
Budelak Technologies Nigeria Ltd,"27, Ogunlana Drive, Surulere, Lagos Nigeria","0809 828 3352,0805 505 8010",https://www.budelak.com/
Allied Computers,"227, Ikorodu Road, Ilupeju, Lagos, Nigeria","0908 712 3997,0908 746 7986",https://alliedcomputersng.com/home/
ICX Solutions Ltd,"Ground floor, Oakland Center, Plot 2940 Aguiyi Ironsi Street, Maitama, Abuja FCT Nigeria","0803 312 0721,0803 551 5353",
Eagleman Integrated Services Ltd,"12C Royal Palm Crescent, FHA Abuja, FCT",0808 168 8308,
Artee Group,"58, Town Planning Way, Ilupeju, Lagos Nigeria","0805 749 5210,0702 017 7772,0805 749 5266",
Business Contracting Ltd,"Plot 207b, Muri Okunola Street, Victoria Island, Lagos, Nigeria",0708 007 0217,
Brockport Group,"Plot 161, C-A, Raufu Taylor Close, Off idejo Street, Adeola Odeku, Victoria Island, Lagos, Nigeria",0803 400 1273,
Wowbii Interactive,"No 9b Adebayo Munis Close, Gbagada Phase 2, Gbagada, Lagos",0812 992 8836,https://wowbii.com/
Tolaram Group,"38, Eric Moore Road, Surulere, Lagos  Nigeria",0807 709 9450,https://www.tolaram.com
TechnoTrack Integrated Systems Limited,"No 88, Norman Williams Street, Ikoyi, Lagos, Nigeria",0806 669 2619,http://tts-nigeria.com/
The Paper Packaging Company,"No 2B, Rumens Road, Ikoyi, Lagos, Nigeria","0909 527 6666,0813 935 0191",https://www.tppcng.com/
Simba Group,"77/79 Eric Moore Road, Surulere, Lagos, Nigeria","0700 111 2233,0815 083 2255",https://www.simba.com.ng/
Schwartz Kristoffel Engineering Services Limited,"Eleme Junction, Plot 400, Aba Expressway, PortHarcourt, Nigeria","0802 290 2421,0802 882 1038,0810 077 7773",https://schwartzkristoffel.com/
Sanofi,"JAPAUL House, Plot 8 , Dr. Nurudeen Olowopopo Avenue, Ikeja Central Business District, Agidingbi, Lagos, Nigeria",01 2710135â€ƒ,https://www.sanofi.com.ng/
Oracle Nigeria,"Heriatge House at No 26 Lugard Avenue, Ikoyi, Lagos, Nigeria",01 448 8010,https://www.oracle.com/ng
Nigeria Mortgage Refinance Company,"No 17 Sanusi Fafunwa, Victoria Island, Lagos, Nigeria","0803 048 6270,0908 631 5662",https://nmrc.com.ng/
Meyer PLC,"Plot 34, Mobolaji Johnson Avenue, Oregun Industrial Estate, Alausa Ikeja, Lagos","0812 343 8237,0802 067 2366",https://www.meyerpaints.com
Marine Network Limited,"Block A, Level 15, Suite 27 Eko Court Complex Kofo Abayomi Street, Victoria Island, Lagos, Nigeria","0801 277 8989,0803 343 2468,01 277 8317",https://www.marinenetworkltd.com/
Julius Berger Nigeria Plc,"10 Shettima A. Munguno Crescent, Utako, Abuja, FCT, Nigeria",0803 906 7000,https://www.julius-berger.com
Intelia,"2A Adewole Kuku Street, Off Fola Osibo, Lekki Phase 1, Lagos, Nigeria",,https://intelia.io/
Harouso Nigeria Limited,"107 Ladipo Street, Mushin, Matori, Lagos, Nigeria","0805 498 8725,0803 339 3914,0803 797 8002",https://harousonigeria.com/
Impacto Grupo,"34 Creek Road, Apapa, Lagos Nigeria",0704 575 7184,https://www.impactogrupo.com
Eclat Telecoms Nigeria Ltd,"4B, Akin Olugbade Street, Off Adeola Odeku Street, Emdacon Plaza, Beside Tetrazzini, Victoria Island, Lagos, Nigeria","0802 584 4690,0806 285 2008,0812 322 8234",http://www.eclattelecoms.com/
Ekulo International Limited,"No 16 Niger Street, Kano, Kano, Nigeria","0818 195 9385,0813 524 6056",https://www.ekulogroup.com/
Digitalweb Nigeria Limited,"34C Prince Alaba Oniru Road By Four Points Hotel, Victoria Island, Lagos, Nigeria","0703 4104040,0703 4109 090",https://www.digitalwebglobal.com/
Clane Limited,"8A Bendel Close, Victoria Island, Lagos, Nigeria",0816 200 8431,https://www.clane.com/
Crenov Consulting Nigeria,"A904, Post Square Tower, Plot 1039, Adeola Odeku Street, Victoria Island, Lagos, Nigeria","081 4085 5559,090 8751 6866",https://www.crenov8.com/
Certfort Limited,"Rugus Centre, The Waterside, 5 Admiralty Road off Admiralty Way, Lekki Phase 1, Lekki, Lagos Nigeria","+234 806 867 1988,+234 803 303 8144",https://www.certfort.com/
Asseco Nigeria,"7A Milverton Road, Ikoyi, Lagos, Nigeria",0700 0 27 7326,https://ng.asseco.com/
Aurecon Group,"5, Admiralty Street, Waterside, Off Admiralty way, Lekki Phase 1, Lagos Nigeria",0706 952 7330,https://www.aurecongroup.com
Coscharis Group Limited,"Km 32 Lekki - Epe Expressway, Awoyaya, Lagos, Nigeria","0808 852 6528,0701 348 6194",https://coscharisgroup.net
DEME Group,"1 Kolokuma Street, Borikiri, Port Harcourt, Nigeria","01 463 0897,01 463 0899",https://www.deme-group.com/
Lagos State Judicial Service Commission,"The Secretariat, Obafemi Awolowo Way, Ikeja, Nigeria",,https://jsc.lagosstate.gov.ng/
Institute of Criminology and Penology Nigeria,"Institute of Criminology and Penology 3rd Floor, Boluke House 134, Obafemi Awolowo Way, Ikeja, Lagos","0909 663 0966,0802 322 1000,0802 005 1666",https://icpnigeria.com/
Institute of Criminal Justice and Criminology Administration,"24 Road, Festac Town, Lagos Nigeria",0803 473 7767,https://www.icjca.org.ng/
Federal Judicial Service Commission,"Supreme Court Complex, Three Arms Zone, Central District, Abuja FCT Nigeria","+234 908 000 3575,+234 908 111 3575",https://fjsc.gov.ng/
Edo State Judiciary,"High Court of Justice Complex, Sapele Road, Benin City, Nigeria","0806 770 7908,0805 309 3509",https://edojudiciary.gov.ng/
Carmelite Prisoners' Interest Organization,"2 Bent Lane, G.R.A, Enugu State Nigeria","0817 922 8111,0705 598 7104",https://capiong.org/
Access To Justice,"9E, Badagry Road, Off Marine Road, Apapa GRA, Lagos Nigeria",01 454 6877,https://accesstojustice-ng.org/
SportON Nigeria,"Lagos City, Lagos, Nigeria","01 2710249,01 2710252",
Motocross Naija,"148 Ikpoba Slope, By Tipper Garage, Benin City, Edo Nigeria",0810 678 5878,
Loofball Coaching Team Abuja,"Block B, Godsman Estate, Karu-site Abuja, FCT",0703 051 1517,
2 Much Sports,"2 Much Sports, Lagos, Lagos State, Nigeria",,
Super Eagles,"Nigeria Football Federation Building Plot 2033, Olusegun Obasanjo Way, Wuse Zone 7, Abuja FCT Nigeria","+234 806 077 0484,+234 802 746 5044,+234 9 523 7326",https://supereagles.sitesng.com
Complete Sports Nigeria,"Plot 9, Alhaji Adenekan Street, Okota-Isolo, Lagos Nigeria",01 740 3112,https://www.completesports.com/
Ojaja Educational Initiative,"OjajaTV suite The Palace of Ooni of Ife, Ile-Ife, Osun Nigeria","0803 270 5319,0817 868 9118",
Maths Clinic - Campus Technologies Limited,"8 Sirakoro, Off Blantyre, Off Adetokunbo Ademola Street., Wuse 2, FCT Abuja","0803 535 1694,0803 535 1695",
Touch a Life Education Initiative,"Plot 31 Vattern Street, Off Amazon Street, Maitama, Abuja Nigeria",0803 279 0629,
Educational Initiative for Development in Western Nigeria,"16, Seidu Balogun Street, Ibara Housing Estate, Abeokuta, Ogun Nigeria","0818 5495 008,0706 1661 684",
Dexterous Yearbooks,"1, New Felele, Ibadan, Oyo State Nigeria","0813 587 6047,0809 659 1361",
Yes You Can Education,"Suite C9, Jodepal Plaza, Opposite Dalchi Gym, Near Agete Hotel, 1st Avenue, Gwarimpa, Abuja FCT Nigeria",0802 599 9324,https://yesyoucanng.com/
Universal Basic Education (UBE) Programme,"UBEC Building, No 7 Gwani Street, Wuse Zone 4, Abuja Nigeria",+234 9 523 2506,https://ubec.gov.ng/
Northern Education Initiative Plus,"38 Mike Akhigbe, Jabi, Abuja Nigeria",,http://neiplus.com/
Global Educational Initiative for Nigeria (GEIFON),"No. 17, Omage Street, Off FGGC Road, Ugbowo,, Benin City, Edo State Nigeria",,http://geifon.org
skillboox.com,"105 Chime Avenue, New Haven, Enugu State Nigeria",0708 244 8831,https://vc4a.com/ventures/skillboox/
Qataloog,"202A Aba - PH Road, Waterlines, Port Harcourt, Rivers State Nigeria","0806 708 2203,0902 972 0222",https://qataloog.com/
Girls Education Mission International,"PTIL Plaza, Opposite Zaramaganda Junction, Yakubu Gowan Way, Jos, Plateau State Nigeria","0703 487 9521,0812 349 3222",http://www.girlseducationmission.org/
Education Sector Support Programme in Nigeria,"3rd Floor, Orji Uzor Kalu House, CBD, Abuja FCT Nigeria",09 291 5152,https://www.esspin.org/
Campus Portal Nigeria,"12, Market Road, Upper Presidential Road, Independence Layout, Enugu State",0812 027 5028,https://campusportalng.com
Clarity Education Nigeria,"84, Opebi Road, Ikeja, Lagos","0811 734 4963,01 453 5245",https://www.clarityeducation.ng/
ArcLights Foundation,"Education Hub, Suite 104-109, First Floor Lagos City Hall, Catholic Mission Street, Lagos Island, Nigeria",0802 320 2909,https://arclightsfoundation.wixsite.com/website
Wayfare Travels,"8, Mustapha Street, Off Billings Way, Oregun, Ikeja, Lagos","0817 031 1138,0703 706 9293,0806 507 2840",
Wutrad,"Dr Jp, Nzewi Street, Ajao Estate, Lagos",0814 351 3998,
University of Ilorin Teaching Hospital,"Old Jebba Road, Oke-Ose, Ilorin, Kwara Nigeria","0803 730 1311,0805 576 3942",
QmedAccess,"Plot 80 Oba Overiweme Street, Gwrinpa, Abuja Nigeria",0902 800 2227,
Phytoscience Nigeria,"Ground Floor, Banik Building, Opposite Alafia Hospital, Mokola, Ibadan, Oyo State",0803 280 4500,
Paths2Nigeria,"37 Panama Street, Off IBB Boulevard, Maitama, Abuja Nigeria",09 872 5058,
NigeriaHIVinfo.com,"11, Sanya Ojo, Fehintimi Street, Ikolaba Estate, Ibadan, Oyo State, Nigeria","0807 844 4456,0808 172 2462",
Nigeria Health Finder,"711 Road, C close, House 2, Festac town, Lagos Nigeria","+234 706 809 2052,+234 706 809 2052,+234 706 809 2052",
MediServe,"Moleye Street, Off Herbert Macaulay Way, Yaba, Lagos Nigeria",0805 155 2932,
Ishwot Consulting Hospital,"1 Jane Jibowu Streeet, KM 5, Lagos-Abeokuta Road, Ita-Oshin, Ogun State Nigeria","0706 617 5330,0803 308 1461,0803 308 1495",
IfeanHealth Nigeria,"Plot 5 Asa Afariogun Street,By Ozidi Plaza Osolo Way, Ajao Estate Isolo, Lagos Nigeria",0808 583 3799,
I - AIHD,"E9/2470, Mama-Ke Street, Ibadan, Oyo Nigeria",0810 909 1378,
Hmopedia,"7 Holiness Avenue, Idimu, Lagos",0904 491 2047,
IHealthGSFM,"Discovery Mall, 215 Konoko Crescent, Off Ademola Adetokunbo Crescent, Wuse 2, Abuja-FCT, Nigeria","0908 016 3224,0803 938 8611,0902 726 2831",
HealthSure,"Plot 205 Old lkirun Along Sabo Junction, Osogbo, Osun Nigeria",0814 268 9935,
Healthstead Global Limited,"15A Yawari Street Garki 2, Abuja, F.C.T",0806 068 0382,
Dr Alebiosu C. Olutayo,"Renal Unit, Olabisi Onabanjo University Teaching Hospital, Sagamu, Ogun, Nigeria","0805 568 3965,0805 837 6736",
Ultimate Health Management Services,"Tsukunda House, 4th Floor, Right Wing, Plot 1446, Constitution Avenue, CBD, Abuja FCT, Nigeria","0811 111 1448,0803 095 1853",https://ultimatehealthhmo.com/
University of Benin Teaching Hospital,"P.M.B 1111, Ugbowo Lagos Road, Benin City, Edo Nigeria","0802 216 0312,0806 500 1008,0815 385 7887",https://ubth.org/
"University of Nigerian Teaching Hospital, Enugu","Ituku-Ozalla, Ituku, Enugu Nigeria","0807 561 9711,0708 662 8572",https://unth.edu.ng/
Yandi,"3rd floor,The Lord's Plaza,17A Allen Avenue, Ikeja, Lagos Nigeria",0906 093 3978,
Wanabuy.ng,"3-9, Olu Koleosho Street, Off Medical Road, Ikeja, Medical Road, Ikeja, Lagos Nigeria",0802 733 4625,
Shoppi.ng,"Suite B94, Ikota Shopping Complex, Lekki-Epe Expressway, Lekki, Lagos, Nigeria",07007 467 7464,
Otutu,"No 35 Adetokunbo Ademola, Wuse 2, Abuja FCT, Nigeria",0817 988 3488,
Nglisting,"98 Obafemi Awolowo Way, Ikeja, Lagos Nigeria",0816 706 1181,
Mymall Nigeria,"Online Mall, Lagos, Nigeria","0802 852 6662,0809 999 0660",
Megamall.ng,"No 7 Razak Balogun Street, off adebola street by Adeniran Ogunsaya, Surulere, Lagos Nigeria",0812 906 5422,
DebbySteve Stores,"Mount Street, St Andrews Catholic Church, Agbani Road, Awkunanaw, Enugu Nigeria",0814 811 4571,
Katadeals,"33 Moloney Street, Ebute Metta, Lagos Mainland, Nigeria",0805 079 7763,
Like Paradise,"Suit 36, Markidor Plaza, Beside Tantalizers, Ojo, Lagos Nigeria",0908 599 9936,
Bargain Master,"23 Opebi Road, Pentagon House, Ikeja, Lagos Nigeria",0708 577 6659,
Alabastarbox.com,"48 Opebi Road, Ikeja, Lagos Nigeria","0810 000 0734,0810 000 0735,0810 000 0736",
Afobuy,"Suit 15 Abebi complex, mosafejo bus stop, NMPC filling station, Sango/Poly, Ibadan, Oyo state, Nigeria",0703 842 9856,
Adiba,"No 53A, Adeola Odeku, Victoria Island, Lagos, Nigeria","0708 838 3380,0802 941 3404",
PEP,"3424 PEP Stores, Ibrahim Taiwo Road, Ilorin, Kwara State Nigeria","0903 635 0937,0814 154 3746",https://www.pep.com.ng
Aba Naija Made,"No.11 Powerline Street, Ariaria Market Aba, Abia State Nigeria","0706 115 3413,0802 392 6024",
SellOff.ng,"4, TDL House, Ososami Road, Oke-Ado, Ibadan, Oyo","0814 373 8901,0812 397 2552",https://selloff.ng/
Ogwugo,"Plot 36 Garden Avenue, GRA, Enugu, Nigeria","0814 001 9523,0815 865 2311,0813 452 9794",https://ogwugo.com/
Floremz Online Store,"85, Community Rd, Ago Palace Way, Okota, Lagos","0802 520 2572,014 546 305",https://floremz.com/
FatCat Nigeria,"Suite A27, M.I.B Plaza, Ahmadu Bello Way, Gwarimpa, Abuja",07053712635,https://www.fatcat.ng/
Konga,"10 Medical Road, Ikeja, Lagos, Nigeria","0708 063 5700,0809 460 5555,0802 833 7624",https://www.konga.com
Jumia,"11 Commercial Avenue, next to Ozone Cinema, Sabo Yaba, Lagos, Nigeria","0700 600 0000,01 888 1100",https://www.jumia.com.ng
Jiji,"No 8 Adeleke Street, Ipaja, Lagos State, Nigeria",0808 475 2729,https://jiji.ng/
Revolving Art Incubator,"2nd Floor, Silverbird Galleria 133, Ahmadu Bello Way, Victoria Island, Lagos, Nigeria",0805 605 0307,
Young at Art,"Compound 43 Ogunlowo Street, Ikeja, Lagos State, Nigeria","0802 311 8105,0803 704 0634,01 893 1881",
ShoKoPet Studio,"13, Presidential Boulevard, Beside Continental Suite, CBN Road, Okelewo, Ibara, Abeokuta, Ogun State","+234 806 223 6317,+234 817 764 4054",
Thread Art By C.E.O,"14 Shalom Road, Royal valley Hotel, Umuiom Abayi Aba, Abia State Nigeria",0903 714 7888,
Finelib Marketplace,"3 Atabara Street, Wuse 2, Abuja",0705 772 8249,https://finelib.ng
Qed Entertainment & Lifestyle,"Cribs and Crayons Preschool,  59B,  Road 1 Ikota Villa estate, Lekki County Homes,, Lekki - Epe express way, Lagos","0806 022 4859,0705 369 8759",
Phinny's Talent Studio,"No 4, Adefuwa Street, Off Adeoyo Street, Mushin, Lagos Nigeria",0803 551 7504,
Mboun-Emerem Museum Of Art,"No 39 Faulks Road, 2nd Floor, Aba, Abia State, Nigeria","0806 064 7470,0704 491 0895",
KUTA Nigeria,"Tagoe Street, Ibara Abeokuta, Ogun State Nigeria",0815 380 2878,
Dajo Pottery Limited,"Km 5, 98 Dajo Pottery Avenue, Gboko Road, Makurdi, Benue State Nigeria",0812 222 1245,
ArtMart Nigeria,"Off Adeola Odeku, Victoria Island, Lagos, Nigeria","0905 462 6785,0814 811 8435",
Playback Nigeria,"Playback NIgeria, Abuja, FCT","0907 280 8091,0803 828 8609",https://playbacknigeria.com/
Declassical Arts & Entertainment Co Ltd,"No 33, Glover Street Adekunle, Ebute-Meta, Lagos, Nigeria","0802 392 6748,0806 633 0509",https://declassical.com/
"Ayan'jo Dance Arts, Nigeria","No 13, Osemeka Street, Ajegunle Surulere, Lagos State","0803 251 7517,0812 404 7112,0808 510 9295",https://ayanjodancearts.wordpress.com
Art X Lagos,"The Civic Centre, Victoria Island, Nigeria",,https://artxlagos.com
UC Travels & Tours Limited,"29, Stadium Road, Rumuomasi, Port Harcourt, Rivers, Nigeria","07042422784,08165296220,08033946639",
Art Twenty One,"1415 Adetokunbo Ademola Street, Kuramo Waters, Victoria Island, Lagos Nigeria","01 460 6100,01 460 2558",https://www.arttwentyone.ng/
Public Art Africa,"9B Adedotun Dina Crescent, Ikeja, Lagos Nigeria",0811 570 5244,https://www.publicartafrica.org/
WallArt Nigeria,"3 Popoola Banjoko Street, Gbagada, Lagos","+234 803 089 2517,+234 809 551 1066,+234 809 551 1077",http://wallart-ng.com/
Travelconet,"Suite 41, Jam Nab Plaza Ladoke Akintola Bvld, Garki 2, Abuja",0906 000 6958,
Travel Without Visas Concept,"No 36 Agungi  Road, Lekki Phase 1, Lagos, Nigeria",0803 555 6695,
Afrocentrix Art Gallery,"68, Airport Road Opposite A.A RANO Filling Station, Kano, Nigeria","0816 313 2429,0808 318 6716,0802 904 3960",
Kivilac Travels & Tours Limited,"Suite No 19/20, Landmark Plaza, Plot 3124, IBB Way Maitama District, Abuja, FCT, Nigeria",0803 453 9779,
Serith Travels and Tours Limited,"No 55B Ogunlana Drive, Surulere, Lagos Nigeria","0809 072 2930,0809 072 2940,012955350",
Ground Air Travels Nigeria Limited,"45/47, Ikorodu Road, Jibowu, Lagos","0805 586 6200,01-3425656",
Go-Places Travel and Tours Limited,"135, Ademola Adetokunbo Crescent, Wuse Zone 2, Abuja, Nigeria","08033030220,07032821801,09-8725035",
First Nation Airways (SS) Ltd,"Shop G16 Febson Mall, Wuse Zone 4, Abuja, FCT Nigeria","09 2903059,09 2901588",
Chilian Travels,"B2 Taoridi Shopping Complex, off Babs Animashaun, Bode Thomas Junction, Surulere, Lagos Nigeria","0902 993 1685,0708 373 4604",
Barclay Travels Nigeria  Limited,"Ocean Rise House, 17B, Allen Avenue, Ikeja, Lagos, Nigeria","0803 326 7709,0802 223 4532,01-817 2890",
Aerohaven Travels and Tours,"Road 13A, Williams Crescent, Diamond Estate, New Town, Lagos",0814 864 9957,
Travelton Nigeria Limited,"17, Musa Yar Adua Street, Off Idowu Martins Street, Victoria Island, Lagos Nigeria","0802 302 7224,0802 312 7937,0803 969 8423",http://traveltronlimited.com
Travelden Nigeria Limited,"Plot 29, Toyin Street, Ikeja, Lagos Nigeria","01 448 2500,0908 288 8865",https://www.travelden.com/
Peacock Travel & Tours Ltd,"136, Obafemi Awolowo Way, Ikeja, Lagos, Nigeria","0809 231 4287,0803 304 5460,07062769267",http://peacocktravelsandtours.com/
Rapido Travels,"No 4 Adenuga Street, Aguda, Surulere, Lagos Nigeria","0802 659 5567,0909 364 5946,0807 811 3846",https://www.rapidotravels.co.in/
Network Travels,"Aerocontractors Building, Murtala Mohammed Airport, Ikeja, Lagos Nigeria","0802 326 5656,01 7923414,01 4531828",https://www.networktravels.net/
Mayfair Travel Nigeria Limited,"B1 LSDPC Flats, 24 Adeola Odeku Street, Victoria Island, Lagos","01 774 7777,01 775 2277,01 776 9900",http://mayfairtravel.net
Landover Company Limited,"17, Simbiat Abiola Road, Ikeja, Lagos, Nigeria","08037007018,08023141927,01-4607450",https://landover.aero/
Gibeon Travels,"4th Floor Lister Building Ring Road, Ibadan, Oyo State, Nigeria","0806 325 7436,0812 265 4669,0812 265 4669",https://gibeontravels.com.ng/
Fly-Nigeria.com,"38 Opebi Rd, Allen Avenue, lkeja, Lagos Nigeria", 0809 127 0058,https://www.fly-nigeria.com/
Dial Travel Bureau Limited,"22, Ohaeto street by Sovida Hotel, Port Harcourt, Rivers, Nigeria","08033014249,08097737030,08035524400",https://dialtravels.com
Domival Travel Services Limited,"94, Obafemi Awolowo Way, Ikeja, Lagos Nigeria","0706 055 0731,0809 555 2424",http://www.domival.com/main/
Dee3concepts Travels,"No 33, Dipo Dina International Stadium, GRA, Ijebuode, Ogun Nigeria","0806 549 1050,0807 120 0017",https://dee3conceptstravels-25.webself.net/
ATS Travels Nigeria Limited,"2nd Floor, 15, King George V Road Onikan, Ikoyi, Lagos","08023131101,01-8770582,01-2805056",http://www.atstravels.com
Olabisi Onabanjo University Teaching Hospital,"P.M.B. 2001, Sagamu, Sagamu, Ogun, Nigeria","0816 370 1056,0816 370 1057,0816 370 1700",https://oouth.com/
Riders for Health Nigeria,"Plot 54, 4th Avenue, Gwarinpa, Abuja FCT",0811 959 8151,https://www.riders.org/
Medicaid Radiology Limited,"2 Libreville street opp. Etisalat office, Off Aminu Kano Crescent, Wuse Zone 2, Abuja Nigeria",0703 004 4300,http://www.medicaidradiology.com/
Me Cure Healthcare Limited,"Plot 6, Block H, Oshodi Industrial Scheme, Debo Industrial Compound, Oshodi, Lagos, Nigeria","0708 564 5606,0708 999 1192,0811 009 5954",https://mecure.com.ng/
Mbanefo Hospital,"5 Burxtin Paints Road, Off Kilometre 2, Enugu-Onitsha Expressway By NECICO Filling Station, Trans-Ekulu, Enugu, Nigeria","0810 020 5594,0813 266 5956",http://www.mbanefoenugufertilitycentre.com/
May & Baker Nigeria Plc,"3/5 Sapara Street, Industrial Estate, Ikeja, Lagos Nigeria","0811 368 1447,0906 437 3040",https://may-baker.com/
Malbo Pharmacy & Stores,"Malbo Pharmacy & Stores Suite D1, Wing D, 2XL Mall Road 11, Off First Avenue Housing Estate, Gwarinpa, Abuja Nigeria","0704 438 9611,09 9211236",https://www.m-medix.com/
Education as a Vaccine,"Behind Glisten Academy, Cadastral Zone B08, Plot 1531/1534, Jahi District, Abuja FCT Nigeria","0909 628 9694,0807 854 6318",https://www.evanigeria.org/
El-Hanan Ventures Limited,"5, Mahathma Gandi St, Plot 208 Shehu Shagari way, Bullet Garden, Asokoro, Abuja FCT Nigeria","+234 803 311 1628,+234 803 407 1646",http://www.el-hanan.com
Emzor Pharmaceuticals Ltd.,"Plot 3c Block A, Aswani Market Road, Oshodi / Isolo Expressway, Oshodi, Lagos, Nigeria","0810 348 3022,0802 565 9116,0708 060 6000",https://www.emzorpharma.com/
Centre for Family Health Initiative,"Plot 506 Excellence and Friends Road Off Arab Road, Kubwa Extension II, Abuja Nigeria","0809 608 3336,0809 608 3359,0809 049 2227",https://www.cfhinitiative.org/
Center for Advanced Specialty Surgery,"Plot 412/415 Works Layout, IMSU Junction, Owerri, Imo Nigeria","0703 122 7100,0803 1808 880",https://cassurgery.com/
Bill & Melinda Gates Foundation,"43 Agadez Crescent off Aminu Kano Crescent, Wuse II District, Abuja Federal Capitol Territory Nigeria",+234 9 462 8410,https://www.gatesfoundation.org/
Anavara,"Plot 44 Opebi Road, Ikeja, Lagos  Nigeria","0701 998 9000,070199 89003,01 2933160",https://anavara.com/NG/Index
Saima Nigeria,"11B Burma Road, Apapa, Lagos","0814 568 8875,0806 360 7187",
Ostar-Ken International Company,"Plot 18 Wey Street, Mushin, Lagos Nigeria",0813 761 3453,
Alpha Pharmacy,"2B Alabi Street, Ikeja, Lagos Nigeria","0813 404 1020,0809 844 0862,01 2951804",https://alphapharmacy.com.ng
Safe Motorway,"Suite A69,3rd Floor, Zenith Bank Wing,Area 11 Shopping Mall, Garki Abuja, FCT","0703 896 0686,0902 301 8519",
NoblePat Group,"40/41 Road, Festac Town, Lagos, Nigeria","0817 757 7990,0817 757 8886,01 730 4302",
Mushilab Nigeria Limited,"Trailer Park, Behind Madojutimi Restaurant, Off Abiola Way, Abeokuta, Ogun State, Nigeria","0803 334 3205,0903 800 4685,0703 041 9178",
Marvel Transport,"Marvel Transport, lkeja, Lagos Nigeria",0703 830 1822,
Maids To Run Services,"1olayiwola street new OKO oba BESIDE NNPC filling station, Abule-egba, Lagos, Lagos","0704 933 3009,0903 600 2364",
LAGBUS,"Tisco Plaza 6 Ashabi Cole Street, CBD, Alausa Ikeja, Lagos State, Nigeria",+234 702 652 4287,
Faith Motors,"135, Akpakpava Road by Second East Circular Junction, Benin City, Edo State Nigeria.","0806 409 9501,0807 159 1479,0818 618 4488",
Ekili Haulage,"82, Bode Thomas Street, Surulere, Lagos, Nigeria",01 892 8416,
Blue Cheetah Services,"35, Oguntona Crescent, Gbagada Phase 1, Gbagada, Lagos","0703 388 3980,0802 544 7658",
Ammire Haulage,"Ammire Haulage, Lagos, Nigeria","0700 5000 5000,0803 311 8235",
Alibe & Sons Transport Company,"Plot 251 Apapa Road, Bayelsa Property Compound, ljora 7up, Lagos Nigeria",0802 378 6351,
Transport Services Limited,"Plot 26, Block M, Apapa-Oshodi Expressway, Isolo Industrial Scheme, Lagos, Nigeria","0805 749 3806,01 628 3972,01 896 2609",https://tsllimited.com/
Total Logistics Executive Ryde Ltd,"Suite 302, 12 Cape Town Street, Off IBB Way, Zone 4 Wuse, Abuja FCT, Nigeria","09 292 1164,0818 765 1206,0806 003 4670",https://totallogisticsryde.ng/
Toron Nigeria Limited,"Plot 83/95, Ago Palace Way, Okota, Lagos, Nigeria","08184480632,08056006227",http://www.toronnigeria.net/
Metro Ferry,"Plot 983A Saka Jojo Street, Off idejo street Adeola Odeku, Victoria Island, Lagos Nigeria","0702 9611026,0702 961 1026,01 461 9636",https://www.metro-ferry.com/
Mediterranean Shipping Company Nigeria Limited,"41, Creek Road, Apapa, Lagos, Nigeria",09093999601,https://www.msc.com/nga
G.U Okeke & Sons Limited,"KM 12, Onitsha/Enugu Expressway, Onitsha-Metro, Onitsha, Anambra, Nigeria","08075090611,08150647907,08075090620",https://www.guotransport.com/
Akwa Mass Transit Company,"Itam Industrial Layout, Uyo Capital Teritory, Akwa Ibom State, Nigeria","0902 060 6774,0701 684 2202,0802 341 2828",https://nsikmotors.com/
ASTAC Nigeria Limited,"50/52 ,Toyin Street, Alphon House, Ikeja, Lagos Nigeria","0803 456 8772,0806 223 3995",https://www.astac-nigeria.com/
The Express News,"18, Moloney Street (4th floor), Onikan, Lagos Island, Lagos Nigeria","0818 333 6818,0802 314 4957",
Glam Code Media,"52 Powerline street, abalawa, kola bus stop, Alagbado, Lagos",+234 806 466 2905,
Brandwork Nigeria,"62, Lanre Awolokun Street, Gbagada, Lagos State, Nigeria",+234 704 621 4497,
TVC News,"1 Continental Way, Ikosi, Ketu, Lagos State, Nigeria","0708 066 8000,0708 066 8001",https://tvcnews.tv/
TheNiche Newspaper,"1A Agbareh Close, behind Best Western Hotel, Off Allen Avenue, Off Bamishile Street, Allen Avenue, Ikeja, Lagos State, Nigeria","08023515775,08094000031",https://www.thenicheng.com/
Technology Times Media Limited,"9, Olufunmilola Okikiolu Street, Off Toyin Street, Ikeja, Lagos State, Nigeria",01 454 1818,https://technologytimes.ng/
The Sun Newspaper,"2 Coscharis Street, Kirikiri Industrial Layout, Apapa, Lagos State Nigeria","0805 633 4351,01 621 1239,01 898 0932",https://www.sunnewsonline.com/
Secret Reporters News,"Secret Reporters News, Lagos, Nigeria","0805 317 7777,0802 205 0733,0805 3177777",https://secretsreporter.com/
Peculiar Magazine,"lekki-epe expressway, Lekki, Lagos State, Nigeria",+234 810 500 5000,http://www.peculiarmagazine.com
Nigerian Television Authority (NTA),"Area 11  Oppisite Radio House, Garki, Abuja FCT, Nigeria",09 234 1020,https://www.nta.ng/
New Nigerian Newspaper Limited,"4/5, Ahmadu Bello Way, Kaduna North, Kaduna State, Nigeria","0803 615 1922,06 224 5220",https://newnigeriannewspaper.com/
New Mail Nigeria,"19 Yaya Abatan Street, Ogba, Lagos State, Nigeria","0704 385 4302,0809 819 6757",https://newmail-ng.com/
Live from Naija,"Live from Naija, Lagos City, Lagos State, Nigeria","0703 848 0011,0905 685 3333",https://www.livefromnaija.com/
EntrepreNews,"6th Floor, 294 Herbert Macaulay Way, Yaba, Lagos Nigeria","0803 447 5477,0815 096 5876,0909 386 4857",http://entrepre-news.com/
Unique Empowerment & Employment Initiative,"Unic Foundation Building, KM 10 Lasu-Isheri Road  Olowonla Bus Stop, Igando, Lagos, Nigeria, ","0704 623 2396,0813 273 3378",
Unemployment Solution Initiative,"7B, Oyo Road, Off Ring Road, Ibadan, Oyo State Nigeria","0812 489 4939,0819 054 7651",
The Seagenite Initiative,"Plot 241 Obari Plaza, Abuloma Road, Trans-Amadi Port Harcourt, Rivers Nigeria",0813 399 2139,
PeoplePrime,"56B Isaac John Street, Ikeja GRA, Lagos Nigeria","0802 355 5261,0803 373 6471,01 791 1639",
Pan-Nigerian National Employment Database Initiative,"1 Bayelsa State Gateway Boulevard, Polaku-Taylor Creek Roundabout Point, Igbogene, Yenagoa, Nigeria",0803 297 6618,
NairaJobNet,"12 Majaro Street, By Unilag Second Gate, Onike, Yaba, Lagos Nigeria","0706 493 9411,0706 493 8545",
Kanclems I-Tech Int'l Employment Agency,"No. 56 Okaka Road Opp. BDGS Okaka-Epie, Yenagoa, Bayelsa State Nigeria","0703 850 7101,0813 603 7357",
Anyworknaija,"17 Ibikunle st. off Herbert macaulay, Yaba, Lagos",0701 336 0604,
5K Jobber,"6B Hunponu Wusu Road, Lekki, Lagos Nigeria","0806 814 8300,0706 239 0239",
Patfam Investment Limited,"2A, Beecroft Street, Close to Igbosere High Court, Lagos Island, Lagos Nigeria","0802 381 7484,0809 823 9866",https://www.patfam.com/
Jetheights Venture & Service Ltd,"No 9, Animashaun Street, Ring Road, Ibadan, Oyo State Nigeria",0704 550 5614,http://jetheights.com/
Employment Nigeria,"Online Job Directory, Lagos Mainland, Lagos",0818 219 3596,https://www.employmentnigeria.com/
Binary Consulting Limited,"18, Akanbi Danmola Street, SouthWest Ikoyi, Lagos Nigeria","0805 606 3174,01 463 0842",http://www.binaryconsultltd.com/
JobNetworkNigeria,"Odua Shopping Complex, Ojota, Lagos",0802 307 2968,https://www.jobnetworknigeria.com/
Job List Nigeria,"Lagos, Lagos Mainland, Lagos Nigeria","0810 159 1164,0817 173 0797",https://joblistnigeria.com/
Jobberman,"15th Floor, Elephant Bu ,214 Broad Street, Marina, Lagos Island, Lagos, Nigeria","0813 985 9999,0708 104 3459",https://www.jobberman.com/
Eversharpmaster Idumota,"No 7/9, Ibomo Street, Off Agarawu Street, Lagos Island, Lagos Nigeria","0803 393 0979,0818 236 2008",
Gmicord Industrial Group,"Plot C, 4/62, Onitsha Road Industrial Layout, Owerri, Imo State Nigeria","+234 803 724 1441,+234 803 540 6485,+234 810 130 6442",
Geotextile & Gabions Limited,"No.9, Challawa Crescent,  Near Danbo International School, Barnawa, Kaduna Nigeria","0802 065 7472,0805 171 3720,0803 660 2444",
Denna Rossi Ltd,"8A Circular Road GRA Phase 2, Port Harcourt, Rivers State Nigeria","+234 803 338 0261,+234 84 302 359",
Clay Industry Nigeria Limited,"Oregun Industrial Estate, Ikeja, Lagos Nigeria","+234 816 622 5888,+234 909 461 7434,+234 811 777 0100",
Cejex Designs Limited,"Eastline Shopping Complex, Block C1 Unit 8, Ajah, Lagos State",+234 808 110 0605,
Association of Cottage Industrialists of Nigeria,"12, A.E. Ekunkinam Street, FOMWAN Building, Opp. Chisco Transports, Utako Abuja, FCT","0806 657 1776,0909 822 1733,0704 815 9247",
Association of Cottage Industrialists of Nigeria,"12. Plot 51, Ubiaja Cr escent Opp. CBN Snr Staff Qtrs,Off Oladoke Akintola Boulevard, Garki 2, FCT, Abuja.","+234 909 822 1733,+234 806 657 1776,+234 138 282 083",
Wichtech Industries Limited,"5 Wema Terrace 2-9 Udi Street, Ikoyi, Lagos Nigeria","+234 810 300 2000,+234 803 312 6151,+234 805 862 8890",https://wichtech.com/
Alumaco Plc,"Technical Floor, Bolingo Hotels & Tower, Muhammadu Buhari Way, Central Business District, Abuja FCT Nigeria","+234 709 810 9039,+234 709 876 7032",
Annuri International Ltd Sokoto Factory,"No. 169 Sultan Abubakar Road, Mabera, Sokoto State, Nigeria",0805 488 2488,
Zeenab Foods Ltd Lagos,"No 2, Tunde Gafar Close, off Adeniyi Jones, Ikeja, Nigeria",0809 346 7008,https://zeenabfoods.com
Tranos,"No 22A Guinness Road, Off Acme Road, Ogba, Ikeja, Lagos, Nigeria",01 271 7120,https://www.tranos.ng/
Jotna Nigeria Limited,"No 12, Akinwande Street, Off Badagry Expressway, Alaba-Coker, Lagos",01 903 3905,https://jotna.com
Jacobs Wines Ltd,"1 Frank Jacobs Avenue, Mgbidi Oru-West LGA, Imo State Nigeria","+234 803 793 9113,+234 803 332 9967",https://www.jacobswines.com/
International Merchants Ltd,"No 26 Ayinde Giwa Street, Surulere, Lagos Nigeria","+234806 615 1588,+234803 301 0918,+234803 407 1222",https://imlnigerialtd.com/
Daily - Need Industries Limited,"Plots 9 & 10, Unity Close, Off Ladipo Street, Oshodi Scheme Industrial Estate, Lagos State, Nigeria","0815 703 0529,01 266 5244",https://dailyneedgroup.com/
BAGCO,"47/48, Sharada Industrial Estate Phase 3, Kano, Kano State, Nigeria","0815 909 4307,0704 516 7343",https://bagco-ng.com/
Comvicong Nigeria Company,"No 48, Iseyin Street Palmgrove, Ilupeju, Lagos",0808 043 8367,https://comvicong1.en.ec21.com/company_info.jsp
VGC Recreation Club,"Road 22A, Victoria Garden City, Lekki, Lagos Nigeria","0704 509 0690,0704 530 0875",
Sukur Cultural Landscape,"Mubi-Maidugur Road, Adamawa State, Nigeria",0802 846 4341,
Shodex Gardens,"251/253, Ikorodu Road, Anthony Ikeja, Lagos Nigeria","0808 044 6941,0909 476 4571",
Rojenny Tourist And Game Village Oba,"KM 11, Onitsha/Owerri Road, Oba, Onitsha, Anambra State Nigeria",0803 341 2712,
"Rock Art Interpretive Centre, Birnin Kudu","Kano-Bauchi Road, Jigawa State, Nigeria","0803 250 2007,0805 236 5636",
Olumo Rock,"Olumo Rock Tourist Complex, Ikija, Near Itoku Adire Market, Abeokuta, Ogun State, Nigeria","0803 813 3580,0806 642 9002",
Ikogosi Warm Spring,"Kilometer 1, Ipole Iloro Efon Alaaye Road, Ikogosi Ekiti, Ekiti State Nigeria","+234 806 780 0244,+234 814 545 1181",
First Click Nigeria Limited,"1, Orok Orok Street, Calabar, Cross Rivers, Nigeria",08038983878,
Ibadan Golf Resort,"Onireke Reservation Area UI, Ibadan, Oyo State Nigeria","0809 930 7788,0818 111 6667",
Centre for Earth Construction Technology,"Opposite Jos Museum, Jos, Plateau State Nigeria",0803 613 8957,
Nelson Mandela Gardens,"Inside Asaba International Airport, Off Asaba-Benin Expressway, Asaba, Delta State Nigeria","0816 578 7860,0803 286 5564",https://www.nelsonmandelagardens.com.ng
Hephzibah and Beulah Farms,"University of Ibadan Post Office, Ibadan, Oyo State Nigeria",0813 159 8229,
Groot Nigeria,"18, Afolabi Aina Street, Off Allen Avenue, Ikeja, Lagos Nigeria",0803 818 2292,
Gabel Integrated Services and Farms,"Burma Road, Apapa, Lagos",+234 908 618 3783,
EL Probitas Limited,"10, Afolabi Lesi Street, Illupeju, Lagos, Nigeria","0803 300 8319,0805 514 9155,0805 527 7189",
Fubison Rice,"8 Echendu close off ykc junction, Woji Port Harcourt, Rivers",08095685467,
Deejoft Agribusiness Consults,"No 68,Iwo Road Opposite Ibadan North East Secretariat, Ibadan, Oyo State",0813 060 0192,
Farmers' Corner,"1 Daranijo Street, Off Wemco Road, Ogba Ikeja, Lagos Nigeria","0802 757 9905,0805 650 4552,0803 425 0158",
De-phoenix Generale,"Dephoenix Generale, c/o Francis Philips & Co, Wing B, Entrance 1, 2nd Floor,, Tafawa Balewa Square, Lagos Nigeria",+234 703 273 1919,
Aniibol Agro Allied Services,"Sagilogbe Area, Orire LGA, Ogbomosho, Oyo State, Nigeria","+234 701 307 5825,+234 701 307 5824",
Adroit Agro and Livestock Ltd,"Araromi Ale LCDA, Phase 2, Lagos-Badagry Expressway, Lagos Nigeria","+234 818 004 2892,+234 809 174 6469,+234 806 029 1223",
Tuns Farms Nigeria Limited,"Km 9 New Ikirun Road, Osogbo, Osun State Nigeria","+234 807 778 8867,+234 805 749 6095,+234 805 749 6012",https://tunsinter.com/
Jevant Spencer Agricultural Services,"Orosi House, 1st Floor, 28 Forces Avenue, Old G.R.A. Port Harcourt, Rivers State Nigeria","+234 701 812 3784,+234 909 653 2642",https://jevantspencer.com/agriculture-machinery-in-nigeria/
Osakue Agricultural Services,"No. 6 Omorodion Avenue, Off Adewusa Road beside Phelim Primary School, After Vibes FM, GRA, Benin City, Edo Nigeria","0816 822 9263,0816 630 5148,0805 586 9197",https://osakueagribiz.sitesng.com/
Hastom Nigeria,"Suite 17 & 18 Ajagungbade Plaza, High Court Road, Ogbomoso, Oyo State Nigeria","0816 301 3001,0806 031 8769",https://hastomnigeria.com/
Folawiyo Farms,"Yinka Folawiyo Plaza, 38 Yinka Folawiyo Avenue, Apapa, Lagos Nigeria","+234 1 280 5432,+234 1 280 5433",https://yinkafolawiyogroup.com
AgroNigeria,"3rd Floor, Wuraola House, 82, Allen Avenue,, Ikeja, Lagos Nigeria","0809 778 2665,0803 332 1575,0809 920 7555",https://agronigeria.ng/
